Time (s),A-output,B-output
0,0.154129,-0.019249
0.005,0.180486,-0.028046
0.01,0.169333,0.029561
0.015,0.164276,0.012556
0.02,0.147289,-0.025427
0.025,0.126537,-0.020936
0.03,0.129519,0.000185
0.035,0.136429,0.013989
0.04,0.144001,-0.007056
0.045,0.137971,-0.021754
0.05,0.150224,-0.037897
0.055,0.168402,-0.017511
0.06,0.180942,-0.022127
0.065,0.159008,-0.03881
0.07,0.139381,-0.043544
0.075,0.131569,-0.057606
0.08,0.112177,-0.05171
0.085,0.088075,-0.048465
0.09,0.064664,-0.028688
0.095,0.051505,-0.024577
0.1,0.040595,-0.029058
0.105,0.019943,0.004455
0.11,-0.000046,-0.015233
0.115,-0.02859,-0.059994
0.12,-0.025777,-0.01478
0.125,0.046128,0.039807
0.13,0.072148,0.055366
0.135,0.055217,0.02389
0.14,0.034409,-0.013791
0.145,0.038774,-0.044642
0.15,0.035696,-0.017991
0.155,-0.022437,0.034422
0.16,-0.057824,0.015785
0.165,-0.067049,0.035829
0.17,-0.062962,0.045562
0.175,-0.094243,0.073525
0.18,-0.112011,0.05808
0.185,-0.081319,0.020134
0.19,-0.061601,-0.009773
0.195,-0.064543,-0.025693
0.2,-0.101408,0.050139
0.205,-0.087616,0.101764
0.21,-0.047029,0.104641
0.215,-0.042059,0.055635
0.22,-0.080428,0.028603
0.225,-0.108716,0.061123
0.23,-0.08948,0.085272
0.235,-0.094768,0.071211
0.24,-0.119094,0.008366
0.245,-0.154306,-0.007983
0.25,-0.151611,-0.024917
0.255,-0.127264,-0.043678
0.26,-0.122709,-0.03128
0.265,-0.123138,-0.005836
0.27,-0.126813,0.053575
0.275,-0.104513,0.082474
0.28,-0.106174,0.099507
0.285,-0.116809,0.091638
0.29,-0.131041,0.084832
0.295,-0.150253,0.090729
0.3,-0.156417,0.089997
0.305,-0.163074,0.084965
0.31,-0.156608,0.082249
0.315,-0.145498,0.08087
0.32,-0.130377,0.03738
0.325,-0.113122,0.002144
0.33,-0.088914,0.022339
0.335,-0.05697,0.074222
0.34,-0.03498,0.180678
0.345,-0.036997,0.302237
0.35,-0.033483,0.27289
0.355,-0.067684,0.207858
0.36,-0.134477,0.184683
0.365,-0.16522,0.152809
0.37,-0.165095,0.138746
0.375,-0.142009,0.104639
0.38,-0.129481,0.086727
0.385,-0.082809,0.075328
0.39,0.000208,0.083121
0.395,0.07123,0.094603
0.4,0.08438,0.11828
0.405,0.090178,0.08913
0.41,0.11382,0.054574
0.415,0.10085,0.040128
0.42,0.055403,-0.013349
0.425,-0.00466,-0.0237
0.43,0.002539,-0.050681
0.435,0.018822,-0.055235
0.44,0.023883,-0.080724
0.445,0.05663,-0.103196
0.45,0.112397,-0.085421
0.455,0.184047,-0.110951
0.46,0.193171,-0.115492
0.465,0.199904,-0.180504
0.47,0.194593,-0.162577
0.475,0.175094,-0.099949
0.48,0.152205,-0.081804
0.485,0.109352,-0.032812
0.49,0.095744,-0.038638
0.495,0.094799,-0.037935
0.5,0.112282,-0.061552
0.505,0.118067,-0.062476
0.51,0.143266,-0.054889
0.515,0.177997,-0.062224
0.52,0.196263,-0.057894
0.525,0.20488,-0.073969
0.53,0.202956,-0.081731
0.535,0.193525,-0.093015
0.54,0.160093,-0.100877
0.545,0.114218,-0.108856
0.55,0.080963,-0.094379
0.555,0.065284,-0.073662
0.56,0.055461,-0.053581
0.565,0.028619,0.004439
0.57,0.01108,-0.059151
0.575,0.036138,-0.195416
0.58,0.055151,-0.217033
0.585,0.089234,-0.234939
0.59,0.123977,-0.202685
0.595,0.127547,-0.13913
0.6,0.10333,-0.096185
0.605,0.070023,-0.049055
0.61,0.044021,-0.077839
0.615,-0.019367,-0.05648
0.62,-0.072385,0.007745
0.625,-0.10393,0.038494
0.63,-0.092273,0.00682
0.635,-0.057801,-0.06396
0.64,-0.049745,-0.071882
0.645,-0.031767,0.015586
0.65,-0.020651,0.13335
0.655,-0.000325,0.122256
0.66,-0.025059,0.038677
0.665,-0.067618,-0.042869
0.67,-0.093489,-0.019779
0.675,-0.121642,0.05583
0.68,-0.142271,0.074848
0.685,-0.165288,0.056632
0.69,-0.152667,0.009626
0.695,-0.139303,0.021909
0.7,-0.122155,0.008556
0.705,-0.10488,-0.003131
0.71,-0.090959,-0.004501
0.715,-0.076806,-0.012995
0.72,-0.092637,-0.001347
0.725,-0.109015,-0.011214
0.73,-0.131649,-0.010332
0.735,-0.140217,-0.022345
0.74,-0.160457,0.001145
0.745,-0.189152,0.024211
0.75,-0.181889,0.011818
0.755,-0.162818,0.020215
0.76,-0.137669,0.031589
0.765,-0.127496,0.054393
0.77,-0.11431,0.063469
0.775,-0.099683,0.0493
0.78,-0.092048,0.042608
0.785,-0.086651,0.051702
0.79,-0.103408,0.047781
0.795,-0.099226,0.028643
0.8,-0.080597,0.054643
0.805,-0.078658,0.150739
0.81,-0.059631,0.164375
0.815,-0.060815,0.110178
0.82,-0.117555,0.088867
0.825,-0.142577,0.085071
0.83,-0.095354,0.090473
0.835,-0.048008,0.083296
0.84,-0.045788,0.095291
0.845,-0.02386,0.063802
0.85,0.023807,0.062514
0.855,0.067695,0.088583
0.86,0.076069,0.09902
0.865,0.057768,0.125116
0.87,0.068116,0.086792
0.875,0.055295,0.05213
0.88,0.045724,0.022928
0.885,0.027989,0.039933
0.89,0.044789,0.062483
0.895,0.07479,0.022407
0.9,0.07583,-0.010151
0.905,0.112358,-0.064652
0.91,0.149926,-0.065517
0.915,0.180578,-0.08332
0.92,0.168806,-0.09145
0.925,0.160291,-0.118063
0.93,0.183839,-0.13018
0.935,0.168937,-0.105894
0.94,0.154038,-0.154607
0.945,0.12992,-0.15673
0.95,0.130058,-0.151386
0.955,0.129904,-0.128186
0.96,0.123667,-0.134053
0.965,0.123223,-0.141115
0.97,0.132983,-0.116178
0.975,0.169733,-0.110423
0.98,0.175894,-0.084059
0.985,0.17001,-0.075134
0.99,0.157898,-0.071747
0.995,0.151374,-0.066528
1,0.135946,-0.055237
1.005,0.110892,-0.057254
1.01,0.088572,-0.06766
1.015,0.077214,-0.038043
1.02,0.068337,-0.01398
1.025,0.046809,-0.017617
1.03,0.033622,-0.010455
1.035,0.038697,-0.068264
1.04,0.007695,-0.09524
1.045,-0.000229,-0.038198
1.05,0.060678,-0.039885
1.055,0.081853,-0.081373
1.06,0.064177,-0.107654
1.065,0.04073,-0.086709
1.07,0.046208,-0.043243
1.075,0.020163,-0.010814
1.08,-0.035171,-0.054981
1.085,-0.050889,-0.081398
1.09,-0.048861,-0.033264
1.095,-0.0478,0.029126
1.1,-0.081371,0.068495
1.105,-0.082884,0.025993
1.11,-0.062832,0.026156
1.115,-0.049151,0.050696
1.12,-0.068393,0.067976
1.125,-0.095979,0.084829
1.13,-0.077163,0.045462
1.135,-0.071199,0.016798
1.14,-0.097497,0.007422
1.145,-0.141381,0.042642
1.15,-0.136564,0.03255
1.155,-0.109622,-0.002994
1.16,-0.120347,-0.002688
1.165,-0.136163,0.033515
1.17,-0.149909,0.09826
1.175,-0.125911,0.114275
1.18,-0.11694,0.095321
1.185,-0.132057,0.067449
1.19,-0.144343,0.064267
1.195,-0.135451,0.063095
1.2,-0.104478,0.055005
1.205,-0.115631,0.062291
1.21,-0.134132,0.07756
1.215,-0.144956,0.103092
1.22,-0.137191,0.117052
1.225,-0.134173,0.112623
1.23,-0.142859,0.109722
1.235,-0.138384,0.098952
1.24,-0.13518,0.082667
1.245,-0.123707,0.03772
1.25,-0.115769,0.005843
1.255,-0.092725,0.013555
1.26,-0.067499,-0.023923
1.265,-0.048203,-0.013369
1.27,-0.034344,0.04464
1.275,-0.026759,0.024697
1.28,-0.073846,0.007944
1.285,-0.135063,0.017588
1.29,-0.150315,0.04413
1.295,-0.141139,0.068605
1.3,-0.119082,0.085361
1.305,-0.094199,0.079212
1.31,-0.042513,0.053366
1.315,0.020387,0.023654
1.32,0.068484,-0.03241
1.325,0.083462,-0.003665
1.33,0.106726,0.02893
1.335,0.10831,0.075377
1.34,0.066637,0.098592
1.345,0.022653,0.066575
1.35,0.008968,0.068473
1.355,0.045645,0.03849
1.36,0.043864,0.04614
1.365,0.045322,0.017397
1.37,0.087913,-0.008876
1.375,0.156666,-0.018716
1.38,0.197627,-0.027677
1.385,0.184475,-0.034327
1.39,0.200483,-0.101053
1.395,0.192063,-0.101459
1.4,0.185548,-0.123529
1.405,0.144555,-0.14779
1.41,0.09994,-0.123108
1.415,0.101328,-0.11856
1.42,0.112051,-0.117548
1.425,0.131729,-0.12764
1.43,0.138531,-0.124982
1.435,0.160032,-0.134292
1.44,0.183491,-0.125646
1.445,0.20146,-0.121393
1.45,0.198077,-0.116349
1.455,0.187941,-0.098244
1.46,0.169919,-0.09883
1.465,0.132828,-0.100552
1.47,0.101608,-0.092912
1.475,0.07894,-0.056981
1.48,0.062242,-0.048959
1.485,0.052387,-0.050392
1.49,0.035854,-0.018388
1.495,0.025753,-0.016834
1.5,0.021551,-0.027998
1.505,0.026536,0.00772
1.51,0.089932,0.024763
1.515,0.117282,0.035751
1.52,0.09587,0.030463
1.525,0.057609,0.014909
1.53,0.039221,-0.006241
1.535,0.01984,-0.00722
1.54,-0.04415,0.04549
1.545,-0.07749,0.045668
1.55,-0.098897,0.046113
1.555,-0.083038,0.046255
1.56,-0.062562,0.087639
1.565,-0.055542,0.134038
1.57,-0.030107,0.126213
1.575,-0.013521,0.068859
1.58,-0.018541,-0.000992
1.585,-0.06545,0.057156
1.59,-0.095023,0.149127
1.595,-0.091736,0.172563
1.6,-0.091207,0.099713
1.605,-0.116638,0.029049
1.61,-0.143424,0.036768
1.615,-0.119066,0.079119
1.62,-0.09293,0.086079
1.625,-0.082218,-0.013317
1.63,-0.102427,-0.066656
1.635,-0.105043,-0.043147
1.64,-0.089135,0.007917
1.645,-0.095682,0.041453
1.65,-0.116114,0.027092
1.655,-0.141839,0.037012
1.66,-0.142003,0.059494
1.665,-0.158486,0.087611
1.67,-0.166296,0.073894
1.675,-0.162826,0.040978
1.68,-0.158529,0.035663
1.685,-0.142595,0.044458
1.69,-0.133723,0.05688
1.695,-0.121411,0.057537
1.7,-0.110562,0.057613
1.705,-0.100401,0.025214
1.71,-0.101787,0.006812
1.715,-0.107202,0.011928
1.72,-0.094537,0.061035
1.725,-0.072736,0.205772
1.73,-0.074187,0.334166
1.735,-0.066478,0.326613
1.74,-0.082982,0.263306
1.745,-0.134138,0.200623
1.75,-0.13675,0.154723
1.755,-0.09697,0.155375
1.76,-0.068561,0.145458
1.765,-0.064031,0.125757
1.77,-0.024095,0.090205
1.775,0.035602,0.093042
1.78,0.08411,0.112224
1.785,0.078539,0.155684
1.79,0.060365,0.149059
1.795,0.066488,0.093974
1.8,0.057663,0.094139
1.805,0.037737,0.102208
1.81,0.008251,0.134004
1.815,0.031678,0.108317
1.82,0.062772,0.059572
1.825,0.0845,0.018541
1.83,0.125771,0.017871
1.835,0.155253,0.002863
1.84,0.192316,-0.087038
1.845,0.180679,-0.121225
1.85,0.186297,-0.169777
1.855,0.177993,-0.13275
1.86,0.14681,-0.098677
1.865,0.129897,-0.144258
1.87,0.111124,-0.140853
1.875,0.122744,-0.120561
1.88,0.123361,-0.073191
1.885,0.129507,-0.081544
1.89,0.136352,-0.098246
1.895,0.162732,-0.107188
1.9,0.187589,-0.096988
1.905,0.186868,-0.077511
1.91,0.176736,-0.102975
1.915,0.166652,-0.1033
1.92,0.161528,-0.086574
1.925,0.13618,-0.06617
1.93,0.104073,-0.054
1.935,0.084364,-0.062062
1.94,0.071375,-0.048853
1.945,0.064711,-0.012828
1.95,0.041296,0.020307
1.955,0.023307,-0.084291
1.96,0.037521,-0.271934
1.965,0.040951,-0.300868
1.97,0.069311,-0.29255
1.975,0.104323,-0.253195
1.98,0.104602,-0.19436
1.985,0.078184,-0.172992
1.99,0.062538,-0.124084
1.995,0.062046,-0.112594
2,0.001566,-0.085266
2.005,-0.048714,-0.034354
2.01,-0.066502,0.019344
2.015,-0.048317,0.039367
2.02,-0.027095,0.002174
2.025,-0.049772,-0.048748
2.03,-0.056036,-0.043091
2.035,-0.053975,0.050607
2.04,-0.036435,0.07199
2.045,-0.055351,0.007354
2.05,-0.090388,-0.082433
2.055,-0.093599,-0.088733
2.06,-0.10672,-0.002439
2.065,-0.126841,0.065419
2.07,-0.15516,0.05437
2.075,-0.141319,-0.007856
2.08,-0.129976,0.031871
2.085,-0.133872,0.083584
2.09,-0.137658,0.098002
2.095,-0.133471,0.085609
2.1,-0.115164,0.041056
2.105,-0.124856,0.038365
2.11,-0.137686,0.049779
2.115,-0.149856,0.050414
2.12,-0.137903,0.005942
2.125,-0.140286,-0.02167
2.13,-0.162526,-0.018218
2.135,-0.158116,-0.016465
2.14,-0.146982,0.012775
2.145,-0.134106,0.030964
2.15,-0.137163,0.060223
2.155,-0.136372,0.082489
2.16,-0.129877,0.088425
2.165,-0.120397,0.08408
2.17,-0.106661,0.076595
2.175,-0.103525,0.068951
2.18,-0.085409,0.057446
2.185,-0.063179,0.058138
2.19,-0.054172,0.110631
2.195,-0.02821,0.079781
2.2,-0.024967,-0.00808
2.205,-0.094501,-0.006956
2.21,-0.143798,0.014883
2.215,-0.132134,0.022405
2.22,-0.096066,-0.001811
2.225,-0.084373,0.014782
2.23,-0.055118,0.040202
2.235,-0.000986,0.077693
2.24,0.045195,0.074887
2.245,0.073266,0.043909
2.25,0.078771,0.06077
2.255,0.097787,0.070639
2.26,0.078558,0.118701
2.265,0.048414,0.09063
2.27,0.015538,0.089121
2.275,0.029093,0.122861
2.28,0.058194,0.086786
2.285,0.053887,0.043435
2.29,0.092762,-0.039428
2.295,0.14306,-0.074538
2.3,0.196122,-0.090233
2.305,0.192252,-0.070677
2.31,0.172426,-0.113564
2.315,0.194299,-0.176992
2.32,0.189239,-0.153738
2.325,0.17329,-0.14044
2.33,0.131021,-0.122419
2.335,0.114282,-0.158244
2.34,0.118891,-0.178243
2.345,0.125616,-0.170877
2.35,0.122945,-0.140243
2.355,0.128287,-0.113653
2.36,0.167977,-0.119679
2.365,0.181658,-0.095456
2.37,0.189636,-0.082527
2.375,0.185347,-0.083645
2.38,0.173359,-0.099104
2.385,0.150144,-0.114957
2.39,0.121949,-0.112299
2.395,0.097187,-0.09141
2.4,0.081248,-0.045009
2.405,0.063969,-0.018504
2.41,0.039291,-0.011939
2.415,0.034181,0.03538
2.42,0.041676,0.006341
2.425,0.011798,-0.032731
2.43,0.011553,-0.009147
2.435,0.07405,-0.037653
2.44,0.098035,-0.066926
2.445,0.081261,-0.078514
2.45,0.047385,-0.06259
2.455,0.042743,-0.045975
2.46,0.016506,-0.035063
2.465,-0.032491,-0.063374
2.47,-0.055409,-0.084806
2.475,-0.071607,-0.043613
2.48,-0.066408,0.001664
2.485,-0.069672,0.048287
2.49,-0.048324,0.040982
2.495,-0.028865,0.036507
2.500196,-0.019432,0.036715
2.505196,-0.033977,0.079181
2.510196,-0.065068,0.141553
2.515196,-0.069457,0.115118
2.520196,-0.085368,0.072331
2.525196,-0.109026,0.037011
2.530196,-0.149986,0.062918
2.535196,-0.149079,0.069472
2.540196,-0.126286,0.042352
2.545196,-0.121625,0.030612
2.550196,-0.117593,0.05139
2.555196,-0.121769,0.154932
2.560196,-0.102492,0.216019
2.565196,-0.09709,0.189044
2.570196,-0.118858,0.125069
2.575196,-0.138975,0.101357
2.580196,-0.139935,0.116354
2.585196,-0.126682,0.127292
2.590196,-0.142383,0.143504
2.595196,-0.152716,0.128596
2.600196,-0.15198,0.128938
2.605196,-0.13932,0.143015
2.610196,-0.126541,0.124747
2.615196,-0.12175,0.09933
2.620196,-0.110053,0.07718
2.625196,-0.105782,0.051981
2.630196,-0.103215,0.0191
2.635196,-0.107411,-0.016807
2.640196,-0.093715,-0.020786
2.645196,-0.070879,-0.037006
2.650196,-0.058489,-0.024777
2.655196,-0.051458,0.050772
2.660196,-0.043141,0.064621
2.665196,-0.08685,0.040559
2.670196,-0.139509,0.015024
2.675196,-0.135358,0.036514
2.680196,-0.105472,0.070154
2.685196,-0.10185,0.08425
2.690196,-0.084158,0.055964
2.695196,-0.023361,0.022102
2.700196,0.045139,0.058776
2.705196,0.086932,0.036251
2.710196,0.07579,0.023162
2.715196,0.085079,-0.007449
2.720196,0.093227,0.010962
2.725196,0.069229,0.04054
2.730196,0.033635,0.017598
2.735196,0.016964,0.02205
2.740196,0.061858,-0.00161
2.745196,0.073411,0.041638
2.750196,0.078904,0.05452
2.755196,0.111034,0.050349
2.760196,0.161423,0.008918
2.765196,0.198899,-0.050617
2.770196,0.191732,-0.049999
2.775196,0.199962,-0.077347
2.780196,0.178089,-0.072805
2.785196,0.1627,-0.120692
2.790196,0.132911,-0.153798
2.795196,0.115717,-0.115854
2.800196,0.118897,-0.090961
2.805196,0.110747,-0.093184
2.810196,0.122753,-0.131869
2.815196,0.136104,-0.13031
2.820196,0.162983,-0.11385
2.825196,0.177837,-0.094077
2.830196,0.183099,-0.104593
2.835196,0.181471,-0.126603
2.840196,0.179421,-0.12393
2.845196,0.160933,-0.119151
2.850196,0.123474,-0.121861
2.855196,0.096028,-0.129499
2.860196,0.07523,-0.094202
2.865196,0.061279,-0.066162
2.870196,0.051057,-0.054793
2.875196,0.035071,-0.043487
2.880196,0.01932,-0.091243
2.885196,0.006548,-0.124067
2.890196,0.010392,-0.073667
2.895196,0.07191,-0.043057
2.900196,0.099781,-0.023536
2.905196,0.080285,-0.032776
2.910196,0.051783,-0.060744
2.915196,0.040124,-0.072164
2.920196,0.025719,-0.062633
2.925196,-0.040557,-0.017673
2.930196,-0.078291,-0.015449
2.935196,-0.07559,0.006102
2.940196,-0.049217,0.002739
2.945196,-0.054076,0.013869
2.950196,-0.068963,0.033432
2.955196,-0.045158,0.057605
2.960196,-0.026245,0.084409
2.965196,-0.040383,0.037899
2.970196,-0.086774,0.062298
2.975196,-0.100952,0.130723
2.980196,-0.09146,0.173874
2.985196,-0.090512,0.138283
2.990196,-0.117761,0.055265
2.995196,-0.136957,0.044971
3.000196,-0.109725,0.101424
3.005196,-0.091513,0.141993
3.010196,-0.095528,0.076883
3.015196,-0.125436,0.019379
3.020196,-0.129512,0.021878
3.025196,-0.110757,0.070624
3.030196,-0.112485,0.101816
3.035196,-0.130027,0.096342
3.040196,-0.150025,0.097151
3.045196,-0.134935,0.074096
3.050196,-0.138889,0.082557
3.055196,-0.148196,0.073052
3.060196,-0.151245,0.045825
3.065196,-0.152311,0.039311
3.070196,-0.145705,0.043585
3.075196,-0.147628,0.060956
3.080196,-0.139421,0.076324
3.085196,-0.129216,0.080634
3.090196,-0.117845,0.041963
3.095196,-0.110268,0.012782
3.100196,-0.108117,0.025532
3.105196,-0.090431,0.091157
3.110196,-0.063452,0.226189
3.115196,-0.058412,0.340592
3.120196,-0.049205,0.323367
3.125196,-0.069691,0.265003
3.130196,-0.129668,0.213953
3.135196,-0.154033,0.149883
3.140196,-0.133985,0.092261
3.145196,-0.112004,0.045509
3.150196,-0.096097,0.053204
3.155196,-0.039986,0.052754
3.160196,0.018107,0.047569
3.165196,0.067124,0.024681
3.170196,0.079378,0.038682
3.175196,0.076816,0.061237
3.180196,0.086769,0.059336
3.185196,0.063667,0.058536
3.190196,0.036266,0.050614
3.195196,0.007877,0.086081
3.200196,0.027717,0.074043
3.205196,0.045869,0.044863
3.210196,0.056338,-0.031774
3.215196,0.101597,-0.071798
3.220196,0.146351,-0.042117
3.225196,0.186066,-0.062754
3.230196,0.173713,-0.060268
3.235196,0.183839,-0.123177
3.240196,0.189647,-0.108118
3.245196,0.169839,-0.064713
3.250196,0.145702,-0.089903
3.255196,0.106793,-0.10136
3.260196,0.112511,-0.133679
3.265196,0.121287,-0.102645
3.270196,0.132569,-0.07912
3.275196,0.137636,-0.075736
3.280196,0.154654,-0.097472
3.285196,0.180758,-0.105167
3.290196,0.189408,-0.083765
3.295196,0.182107,-0.08822
3.300196,0.17348,-0.087324
3.305196,0.165097,-0.101666
3.310196,0.134222,-0.097883
3.315196,0.102756,-0.073673
3.320196,0.081606,-0.063462
3.325196,0.064739,-0.055929
3.330196,0.054122,-0.032136
3.335196,0.031372,0.006603
3.340196,0.019218,-0.083886
3.345196,0.046745,-0.263297
3.350196,0.052442,-0.298266
3.355196,0.075335,-0.285895
3.360196,0.114917,-0.240264
3.365196,0.117104,-0.166821
3.370196,0.085733,-0.155132
3.375196,0.057308,-0.133849
3.380196,0.052706,-0.126321
3.385196,0.002928,-0.073746
3.390196,-0.045778,-0.015795
3.395196,-0.084921,-0.003254
3.400196,-0.075352,-0.044909
3.405196,-0.043478,-0.097381
3.410196,-0.050735,-0.099462
3.415196,-0.04735,-0.04178
3.420196,-0.045443,0.070984
3.425196,-0.023249,0.074728
3.430196,-0.042249,0.021181
3.435196,-0.074848,-0.032658
3.440196,-0.089702,-0.045697
3.445196,-0.102575,-0.000612
3.450196,-0.112543,0.036604
3.455196,-0.135455,0.042298
3.460196,-0.127877,0.009834
3.465196,-0.121501,0.010216
3.470196,-0.115086,0.000652
3.475196,-0.107799,0.005636
3.480196,-0.106711,0.006329
3.485196,-0.101368,-0.001662
3.490196,-0.119956,0.013846
3.495196,-0.129972,0.009078
3.500196,-0.140203,0.021797
3.505196,-0.141455,0.022099
3.510196,-0.150949,0.028102
3.515196,-0.170121,0.039989
3.520196,-0.155685,0.03217
3.525196,-0.142587,0.044802
3.530196,-0.1332,0.06784
3.535196,-0.13162,0.075518
3.540196,-0.122855,0.066298
3.545196,-0.113424,0.060688
3.550196,-0.1096,0.056971
3.555196,-0.100563,0.051453
3.560196,-0.102874,0.034934
3.565196,-0.082856,0.017981
3.570196,-0.061613,0.049969
3.575196,-0.060296,0.143535
3.580196,-0.040853,0.128413
3.585196,-0.04359,0.053212
3.590196,-0.106713,0.032311
3.595196,-0.1428,0.03141
3.600196,-0.116484,0.045442
3.605196,-0.093522,0.030409
3.610196,-0.099557,0.035697
3.615196,-0.06057,0.028696
3.620196,0.007629,0.065737
3.625196,0.065366,0.103789
3.630196,0.083235,0.117357
3.635196,0.062263,0.126546
3.640196,0.078442,0.076357
3.645196,0.077681,0.071261
3.650196,0.056647,0.045517
3.655196,0.021915,0.027561
3.660196,0.032946,0.0344
3.665196,0.059707,0.021172
3.670196,0.057124,0.001465
3.675196,0.085367,-0.058041
3.680196,0.126577,-0.073244
3.685196,0.17975,-0.104781
3.690196,0.184571,-0.080241
3.695196,0.179826,-0.071516
3.700196,0.198888,-0.08625
3.705196,0.176316,-0.065962
3.710196,0.160808,-0.098379
3.715196,0.131748,-0.085664
3.720196,0.122196,-0.063374
3.725196,0.123654,-0.038086
3.730196,0.120506,-0.060868
3.735196,0.119523,-0.068507
3.740196,0.135154,-0.057214
3.745196,0.173317,-0.081761
3.750196,0.18146,-0.081684
3.755196,0.180341,-0.096098
3.760196,0.172401,-0.092866
3.765196,0.174247,-0.068675
3.770196,0.156801,-0.061382
3.775196,0.116744,-0.057145
3.780196,0.08663,-0.046649
3.785196,0.072388,-0.01331
3.790196,0.05883,0.014753
3.795196,0.038673,-0.001594
3.800196,0.026989,-0.03102
3.805196,0.037092,-0.117075
3.810196,0.020333,-0.136475
3.815196,0.020976,-0.074652
3.820196,0.080081,-0.079721
3.825196,0.100384,-0.096119
3.830196,0.082305,-0.081138
3.835196,0.056425,-0.005729
3.840196,0.046356,0.03039
3.845196,0.005263,0.000091
3.850196,-0.037714,-0.078208
3.855196,-0.053798,-0.113248
3.860196,-0.067033,-0.048024
3.865196,-0.062826,0.009609
3.870196,-0.074811,0.012026
3.875196,-0.059003,-0.042612
3.880196,-0.040106,-0.061001
3.885196,-0.026756,-0.045486
3.890196,-0.04265,-0.027204
3.895196,-0.072842,-0.031577
3.900196,-0.079045,-0.087731
3.905196,-0.096977,-0.103047
3.910196,-0.126628,-0.082214
3.915196,-0.159948,-0.05079
3.920196,-0.148617,-0.051542
3.925196,-0.12714,-0.034393
3.930196,-0.130124,-0.000638
3.935196,-0.131268,0.016469
3.940196,-0.130468,0.024291
3.945196,-0.105045,0.004465
3.950196,-0.106799,0.024289
3.955196,-0.128928,0.041726
3.960196,-0.146292,0.041134
3.965196,-0.143294,0.021458
3.970196,-0.123545,0.005222
3.975196,-0.140103,0.034773
3.980196,-0.152265,0.071636
3.985196,-0.1541,0.100569
3.990196,-0.136309,0.110748
3.995196,-0.127822,0.103851
4.000196,-0.131572,0.097143
4.005196,-0.123934,0.086509
4.010196,-0.119214,0.074084
4.015196,-0.104528,0.035035
4.020196,-0.101621,0.012802
4.025196,-0.087352,0.025451
4.030196,-0.066828,0.019155
4.035196,-0.052058,0.05509
4.040196,-0.034631,0.07961
4.045196,-0.025648,0.049233
4.050196,-0.084559,0.065997
4.055196,-0.144126,0.067618
4.060196,-0.137756,0.036089
4.065196,-0.103738,0.040633
4.070196,-0.091551,0.087706
4.075196,-0.068686,0.103231
4.080196,-0.01531,0.096275
4.085196,0.037372,0.077467
4.090196,0.075884,0.007477
4.095196,0.089247,0.005696
4.100196,0.118791,0.019215
4.105196,0.105062,0.046388
4.110196,0.056793,0.016947
4.115196,0.018481,-0.030777
4.120196,0.019122,-0.039255
4.125196,0.059512,-0.099314
4.130196,0.061946,-0.101335
4.135196,0.081285,-0.123275
4.140196,0.123294,-0.115672
4.145196,0.180024,-0.102142
4.150196,0.206859,-0.088087
4.155196,0.182271,-0.079889
4.160196,0.202396,-0.107593
4.165196,0.196162,-0.049585
4.170196,0.185648,-0.020736
4.175196,0.145419,-0.012955
4.180196,0.110486,-0.006989
4.185196,0.113157,-0.005888
4.190196,0.122011,-0.020965
4.195196,0.128537,-0.04775
4.200196,0.130566,-0.036952
4.205196,0.163382,-0.048364
4.210196,0.183766,-0.02498
4.215196,0.199988,-0.008585
4.220196,0.199437,-0.015835
4.225196,0.184005,-0.018772
4.230196,0.162693,-0.036816
4.235196,0.129082,-0.051848
4.240196,0.098067,-0.051157
4.245196,0.078665,-0.030976
4.250196,0.058546,-0.024339
4.255196,0.043406,-0.017005
4.260196,0.026707,0.01832
4.265196,0.014582,0.015683
4.270196,-0.000318,-0.019542
4.275196,0.004493,0.001282
4.280196,0.073689,0.03765
4.285196,0.102239,0.081003
4.290196,0.085534,0.063752
4.295196,0.048273,0.016842
4.300196,0.037449,-0.010044
4.305196,0.021179,0.022616
4.310196,-0.038918,0.100601
4.315196,-0.058919,0.062907
4.320196,-0.07366,0.03863
4.325196,-0.07104,0.027127
4.330196,-0.066487,0.034531
4.335196,-0.056744,0.024086
4.340196,-0.030277,-0.028123
4.345196,-0.018776,-0.080023
4.350196,-0.037121,-0.092988
4.355196,-0.080637,0.028072
4.360196,-0.089683,0.130374
4.365196,-0.079432,0.137302
4.370196,-0.081832,0.056447
4.375196,-0.114748,0.008284
4.380196,-0.133797,0.021528
4.385196,-0.109326,0.028865
4.390196,-0.095603,0.01328
4.395196,-0.094539,-0.036934
4.400196,-0.120568,-0.025819
4.405196,-0.120228,0.004239
4.410196,-0.106612,0.023032
4.415196,-0.11269,0.024543
4.420196,-0.126682,0.039702
4.425196,-0.139779,0.102226
4.430196,-0.128652,0.130027
4.435196,-0.139251,0.136843
4.440196,-0.146539,0.104019
4.445196,-0.152079,0.077809
4.450196,-0.154359,0.076961
4.455196,-0.146266,0.077267
4.460196,-0.142081,0.082766
4.465196,-0.128153,0.070076
4.470196,-0.118881,0.062181
4.475196,-0.11103,0.026798
4.480196,-0.111048,0.003176
4.485196,-0.105659,0.017368
4.490196,-0.084907,-0.001947
4.495196,-0.06433,0.037747
4.500196,-0.063249,0.185583
4.505196,-0.055968,0.234994
4.510196,-0.081425,0.198785
4.515196,-0.134544,0.168009
4.520196,-0.147078,0.165242
4.525196,-0.116502,0.197574
4.530196,-0.092239,0.209794
4.535196,-0.080027,0.156365
4.540196,-0.020716,0.080917
4.545196,0.052924,0.101343
4.550196,0.10065,0.132064
4.555196,0.087631,0.16662
4.560196,0.078667,0.120384
4.565196,0.084765,0.028418
4.570196,0.069539,-0.013598
4.575196,0.041754,-0.029108
4.580196,0.011488,-0.013822
4.585196,0.041489,-0.067512
4.590196,0.060669,-0.081049
4.595196,0.068832,-0.078005
4.600196,0.105996,-0.040556
4.605196,0.146827,0.001954
4.610196,0.197584,-0.020691
4.615196,0.196277,-0.022817
4.620196,0.203187,-0.060749
4.625196,0.189724,-0.01335
4.630196,0.168143,-0.001216
4.635196,0.144768,-0.041648
4.640196,0.116355,-0.035992
4.645196,0.115247,-0.033501
4.650196,0.110733,0.000429
4.655196,0.126803,-0.018633
4.660196,0.1371,-0.018397
4.665196,0.166279,-0.005014
4.670196,0.189741,-0.010183
4.675196,0.189417,-0.025121
4.680196,0.179466,-0.070516
4.685196,0.17365,-0.091163
4.690196,0.164804,-0.082576
4.695196,0.135184,-0.070797
4.700196,0.101095,-0.083128
4.705196,0.076689,-0.094981
4.710196,0.067323,-0.084012
4.715196,0.061429,-0.054223
4.720196,0.039922,-0.024184
4.725196,0.024953,-0.106343
4.730196,0.035635,-0.206469
4.735196,0.045478,-0.16795
4.740196,0.087246,-0.152745
4.745196,0.111286,-0.130104
4.750196,0.102784,-0.0883
4.755196,0.077571,-0.071867
4.760196,0.061355,-0.052821
4.765196,0.051958,-0.059269
4.770196,-0.010938,-0.029356
4.775196,-0.060702,-0.01262
4.780196,-0.089249,-0.014985
4.785196,-0.072235,-0.053062
4.790196,-0.055348,-0.107729
4.795196,-0.070585,-0.109916
4.800196,-0.060723,-0.058317
4.805196,-0.044674,0.019569
4.810196,-0.027913,0.017886
4.815196,-0.054691,0.006313
4.820196,-0.084352,-0.008708
4.825196,-0.086161,0.008085
4.830196,-0.091474,0.050424
4.835196,-0.109489,0.036988
4.840196,-0.138764,0.014392
4.845196,-0.12797,0.007742
4.850196,-0.118399,0.055846
4.855196,-0.111887,0.056726
4.860196,-0.116914,0.028734
4.865196,-0.115489,0.016689
4.870196,-0.102713,0.047445
4.875196,-0.114325,0.092288
4.880196,-0.129483,0.085876
4.885196,-0.145409,0.059797
4.890196,-0.141186,0.020818
4.895196,-0.153411,0.034803
4.900196,-0.16877,0.05176
4.905196,-0.162451,0.047873
4.910196,-0.158412,0.04086
4.915196,-0.149601,0.030795
4.920196,-0.145597,0.050743
4.925196,-0.137317,0.074154
4.930196,-0.129713,0.084753
4.935196,-0.119884,0.057525
4.940196,-0.1054,0.042015
4.945196,-0.100729,0.049953
4.950196,-0.08613,0.035921
4.955196,-0.066287,0.06553
4.960196,-0.061034,0.163186
4.965196,-0.037023,0.163869
4.970196,-0.043156,0.131397
4.975196,-0.11261,0.140655
4.980196,-0.149769,0.126764
4.985196,-0.126635,0.101566
4.990196,-0.102481,0.061743
4.995196,-0.093559,0.066728
4.995393,-0.040633,0.076177
5.000393,0.020694,0.097787
5.005393,0.064602,0.060815
5.010393,0.073983,0.026808
5.015393,0.070145,0.052442
5.020393,0.088866,0.045718
5.025393,0.071942,0.042193
5.030393,0.046278,0.015071
5.035393,0.019075,0.041064
5.040393,0.041716,0.085341
5.045393,0.058927,0.111741
5.050393,0.050692,0.082849
5.055393,0.094844,0.020291
5.060393,0.151745,0.02802
5.065393,0.199956,0.030411
5.070393,0.186992,0.074012
5.075393,0.186367,0.039826
5.080393,0.20213,0.028209
5.085393,0.187339,0.063264
5.090393,0.161043,0.036619
5.095393,0.123907,0.012424
5.100393,0.11937,-0.055068
5.105393,0.121161,-0.061414
5.110393,0.131348,-0.075185
5.115393,0.131585,-0.095912
5.120393,0.140348,-0.105562
5.125393,0.173783,-0.116043
5.130393,0.187995,-0.105754
5.135393,0.191896,-0.104318
5.140393,0.186155,-0.101767
5.145393,0.17714,-0.124901
5.150393,0.14859,-0.140136
5.155393,0.113747,-0.137359
5.160393,0.084395,-0.120077
5.165393,0.06604,-0.07444
5.170393,0.054018,-0.039447
5.175393,0.028652,-0.086779
5.180393,0.017637,-0.159449
5.185393,0.04136,-0.253072
5.190393,0.039302,-0.269523
5.195393,0.056517,-0.231509
5.200393,0.105844,-0.22203
5.205393,0.119423,-0.181216
5.210393,0.097627,-0.172571
5.215393,0.05905,-0.15487
5.220393,0.041386,-0.144735
5.225393,-0.003931,-0.1322
5.230393,-0.045592,-0.118279
5.235393,-0.073163,-0.092923
5.240393,-0.078021,-0.092509
5.245393,-0.05843,-0.105712
5.250393,-0.061469,-0.078595
5.255393,-0.046261,-0.035767
5.260393,-0.036374,0.018266
5.265393,-0.020752,-0.01216
5.270393,-0.042316,-0.069952
5.275393,-0.077138,-0.108977
5.280393,-0.090497,-0.131458
5.285393,-0.122091,-0.109667
5.290393,-0.142398,-0.070164
5.295393,-0.16097,-0.017287
5.300393,-0.141894,-0.016085
5.305393,-0.128822,-0.001823
5.310393,-0.129406,0.041828
5.315393,-0.122221,0.057551
5.320393,-0.115923,0.040909
5.325393,-0.102742,0.02379
5.330393,-0.11795,0.050099
5.335393,-0.130527,0.051863
5.340393,-0.142518,0.056112
5.345393,-0.139675,0.024139
5.350393,-0.143814,-0.003505
5.355393,-0.169349,0.014377
5.360393,-0.166131,0.026267
5.365393,-0.15586,0.059215
5.370393,-0.1366,0.081802
5.375393,-0.135284,0.080933
5.380393,-0.134068,0.067742
5.385393,-0.122063,0.055132
5.390393,-0.113632,0.048722
5.395393,-0.103675,0.055399
5.400393,-0.111645,0.034288
5.405393,-0.094824,0.002562
5.410393,-0.062953,0.011554
5.415393,-0.051872,0.093273
5.420393,-0.035613,0.097929
5.425393,-0.033388,0.035828
5.430393,-0.097219,0.046317
5.435393,-0.14186,0.058168
5.440393,-0.117323,0.058337
5.445393,-0.094738,0.035841
5.450393,-0.101399,0.008551
5.455393,-0.07012,-0.033
5.460393,-0.010645,-0.016138
5.465393,0.055678,0.021036
5.470393,0.081689,0.024308
5.475393,0.072632,0.043935
5.480393,0.091615,0.021272
5.485393,0.078559,0.073045
5.490393,0.05217,0.124943
5.495393,0.02065,0.154282
5.500393,0.025638,0.147412
5.505393,0.060948,0.090699
5.510393,0.064066,0.072947
5.515393,0.099253,0.026584
5.520393,0.140525,0.012399
5.525393,0.187257,-0.034919
5.530393,0.194275,-0.055373
5.535393,0.185356,-0.080317
5.540393,0.205405,-0.082512
5.545393,0.178346,-0.051495
5.550393,0.157655,-0.105395
5.555393,0.120822,-0.131717
5.560393,0.111203,-0.14598
5.565393,0.113293,-0.137184
5.570393,0.108599,-0.142222
5.575393,0.111912,-0.138945
5.580393,0.129973,-0.106437
5.585393,0.177023,-0.094147
5.590393,0.1898,-0.083975
5.595393,0.183669,-0.093822
5.600393,0.17561,-0.09632
5.605393,0.171777,-0.091938
5.610393,0.1509,-0.070836
5.615393,0.116732,-0.055605
5.620393,0.087268,-0.062637
5.625393,0.071517,-0.03481
5.630393,0.05962,-0.009119
5.635393,0.041981,-0.014297
5.640393,0.038887,-0.006138
5.645393,0.046079,-0.067612
5.650393,0.015693,-0.075857
5.655393,0.018223,-0.015613
5.660393,0.081534,-0.033452
5.665393,0.100588,-0.074444
5.670393,0.082233,-0.104545
5.675393,0.050883,-0.066646
5.680393,0.041465,-0.026864
5.685393,0.00223,-0.036155
5.690393,-0.045581,-0.093059
5.695393,-0.052022,-0.123846
5.700393,-0.049951,-0.046068
5.705393,-0.042349,0.049334
5.710393,-0.064046,0.073164
5.715393,-0.050763,0.010133
5.720393,-0.033006,-0.023617
5.725393,-0.028348,-0.023825
5.730393,-0.05245,0.005548
5.735393,-0.087096,0.019171
5.740393,-0.07683,-0.03636
5.745393,-0.082723,-0.072386
5.750393,-0.106793,-0.062713
5.755393,-0.143457,-0.038699
5.760393,-0.134612,-0.07051
5.765393,-0.113687,-0.096574
5.770393,-0.121082,-0.056342
5.775393,-0.131109,0.025391
5.780393,-0.139827,0.087388
5.785393,-0.117265,0.099252
5.790393,-0.110871,0.093841
5.795393,-0.1278,0.076798
5.800393,-0.146257,0.074356
5.805393,-0.147239,0.034411
5.810393,-0.131378,0.003849
5.815393,-0.141212,0.029538
5.820393,-0.152716,0.054004
5.825393,-0.159874,0.095459
5.830393,-0.144083,0.110985
5.835393,-0.133615,0.096913
5.840393,-0.132344,0.080593
5.845393,-0.123697,0.071776
5.850393,-0.12079,0.072752
5.855393,-0.114216,0.059604
5.860393,-0.111236,0.028991
5.865393,-0.090183,0.033607
5.870393,-0.067649,0.057284
5.875393,-0.057496,0.098691
5.880393,-0.041627,0.117894
5.885393,-0.027865,0.081238
5.890393,-0.080532,0.086959
5.895393,-0.141034,0.097811
5.900393,-0.136869,0.106698
5.905393,-0.105697,0.10976
5.910393,-0.098485,0.094209
5.915393,-0.071315,0.080387
5.920393,-0.006451,0.091539
5.925393,0.054387,0.095308
5.930393,0.080963,0.038083
5.935393,0.080598,0.008257
5.940393,0.107678,0.005046
5.945393,0.100971,0.065458
5.950393,0.064015,0.071586
5.955393,0.021844,0.013624
5.960393,0.021827,-0.039429
5.965393,0.063399,-0.08684
5.970393,0.056891,-0.051671
5.975393,0.073395,-0.050753
5.980393,0.11851,-0.046149
5.985393,0.178499,-0.038225
5.990393,0.207852,0.012122
5.995393,0.189485,0.028825
6.000393,0.190791,0.018582
6.005393,0.170919,0.053834
6.010393,0.168739,0.011315
6.015393,0.138846,0.021064
6.020393,0.113398,0.030452
6.025393,0.115198,0.012011
6.030393,0.122177,-0.009508
6.035393,0.137348,-0.015386
6.040393,0.139161,0.021413
6.045393,0.171459,0.00729
6.050393,0.188805,-0.036371
6.055393,0.194,-0.083555
6.060393,0.191111,-0.094424
6.065393,0.182968,-0.077006
6.070393,0.159293,-0.076166
6.075393,0.119753,-0.084225
6.080393,0.089058,-0.081113
6.085393,0.073293,-0.041205
6.090393,0.059014,-0.03051
6.095393,0.044204,-0.040871
6.100393,0.042709,-0.003638
6.105393,0.045686,-0.018838
6.110393,0.016227,-0.04989
6.115393,0.017874,-0.008487
6.120393,0.085106,0.020781
6.125393,0.102805,0.015919
6.130393,0.080879,-0.01042
6.135393,0.045192,-0.025755
6.140393,0.036227,-0.082157
6.145393,0.006347,-0.107388
6.150393,-0.045296,-0.101171
6.155393,-0.05301,-0.119441
6.160393,-0.062018,-0.058862
6.165393,-0.07168,-0.024593
6.170393,-0.088213,-0.012539
6.175393,-0.074789,-0.048386
6.180393,-0.0406,-0.045856
6.185393,-0.022683,-0.027806
6.190393,-0.043918,-0.023857
6.195393,-0.081682,0.038191
6.200393,-0.0744,0.065168
6.205393,-0.068992,0.083716
6.210393,-0.085969,0.082555
6.215393,-0.127633,0.090268
6.220393,-0.138153,0.076428
6.225393,-0.113936,0.03776
6.230393,-0.115677,0.038195
6.235393,-0.128768,0.05691
6.240393,-0.144568,0.104925
6.245393,-0.126033,0.141709
6.250393,-0.113085,0.150501
6.255393,-0.125943,0.098587
6.260393,-0.141858,0.065683
6.265393,-0.145625,0.084057
6.270393,-0.130593,0.094654
6.275393,-0.142624,0.123665
6.280393,-0.157038,0.106747
6.285393,-0.163872,0.082791
6.290393,-0.149998,0.076577
6.295393,-0.136749,0.082772
6.300393,-0.133766,0.097298
6.305393,-0.124791,0.094643
6.310393,-0.116973,0.073842
6.315393,-0.105479,0.033392
6.320393,-0.106277,0.009149
6.325393,-0.098773,0.00891
6.330393,-0.081261,-0.052968
6.335393,-0.067542,-0.060601
6.340393,-0.060313,0.036797
6.345393,-0.050923,0.063613
6.350393,-0.096144,0.052648
6.355393,-0.152196,0.01928
6.360393,-0.152241,0.006897
6.365393,-0.119668,0.033276
6.370393,-0.104736,0.058632
6.375393,-0.083997,0.059022
6.380393,-0.023138,0.013692
6.385393,0.032708,0.017888
6.390393,0.076076,0.004906
6.395393,0.085585,0.037783
6.400393,0.100827,0.074523
6.405393,0.092889,0.086453
6.410393,0.059854,0.074274
6.415393,0.029637,0.068409
6.420393,0.022868,0.080809
6.425393,0.059516,0.021856
6.430393,0.053598,0.004829
6.435393,0.062928,-0.023434
6.440393,0.106926,-0.032661
6.445393,0.158788,-0.054925
6.450393,0.188461,-0.06955
6.455393,0.174658,-0.079938
6.460393,0.191581,-0.129787
6.465393,0.188999,-0.103291
6.470393,0.180835,-0.117531
6.475393,0.139352,-0.130746
6.480393,0.101176,-0.110126
6.485393,0.103365,-0.084812
6.490393,0.112336,-0.048776
6.495393,0.124546,-0.052075
6.500393,0.124034,-0.040144
6.505393,0.15412,-0.054017
6.510393,0.181755,-0.065038
6.515393,0.198914,-0.058724
6.520393,0.196993,-0.068682
6.525393,0.183573,-0.074148
6.530393,0.167053,-0.083764
6.535393,0.141494,-0.093213
6.540393,0.109441,-0.085092
6.545393,0.083823,-0.056565
6.550393,0.064016,-0.048421
6.555393,0.044217,-0.039507
6.560393,0.023307,-0.005028
6.565393,0.008045,-0.026587
6.570393,0.000486,-0.080061
6.575393,0.014503,-0.066863
6.580393,0.07894,-0.03939
6.585393,0.109358,-0.007763
6.590393,0.092487,-0.007023
6.595393,0.058177,-0.031454
6.600393,0.04656,-0.063563
6.605393,0.0337,-0.053695
6.610393,-0.022682,0.023835
6.615393,-0.061817,0.011808
6.620393,-0.082225,0.006072
6.625393,-0.069968,0.005813
6.630393,-0.067729,0.015701
6.635393,-0.062467,0.021409
6.640393,-0.035547,0.0108
6.645393,-0.015823,-0.019689
6.650393,-0.026053,-0.051697
6.655393,-0.066317,0.049186
6.660393,-0.074419,0.129297
6.665393,-0.073222,0.122561
6.670393,-0.077204,0.021854
6.675393,-0.116265,-0.031836
6.680393,-0.137669,0.004088
6.685393,-0.113567,0.028643
6.690393,-0.10333,0.033606
6.695393,-0.102358,0.002526
6.700393,-0.123141,0.028864
6.705393,-0.121311,0.049665
6.710393,-0.10887,0.044657
6.715393,-0.113788,0.017336
6.720393,-0.124986,0.001616
6.725393,-0.145813,0.056485
6.730393,-0.138299,0.107365
6.735393,-0.143634,0.121402
6.740393,-0.150866,0.090988
6.745393,-0.154699,0.081724
6.750393,-0.154283,0.102316
6.755393,-0.143587,0.117345
6.760393,-0.139842,0.117976
6.765393,-0.126945,0.098099
6.770393,-0.119238,0.081155
6.775393,-0.112068,0.048818
6.780393,-0.111025,0.020286
6.785393,-0.103837,0.023739
6.790393,-0.081704,0.051883
6.795393,-0.064935,0.132811
6.800393,-0.063939,0.249246
6.805393,-0.054174,0.264286
6.810393,-0.08571,0.220756
6.815393,-0.136146,0.162798
6.820393,-0.139542,0.14489
6.825393,-0.106945,0.182547
6.830393,-0.08999,0.188826
6.835393,-0.080844,0.150471
6.840393,-0.024863,0.084566
6.845393,0.047273,0.078409
6.850393,0.092704,0.06331
6.855393,0.080708,0.063394
6.860393,0.072955,0.010548
6.865393,0.080401,-0.052144
6.870393,0.067046,-0.053119
6.875393,0.036982,-0.038572
6.880393,0.008385,-0.012511
6.885393,0.04332,-0.049751
6.890393,0.058667,-0.012399
6.895393,0.072987,0.036242
6.900393,0.105578,0.068483
6.905393,0.149303,0.0909
6.910393,0.19909,0.058167
6.915393,0.19658,0.051839
6.920393,0.211455,0.008126
6.925393,0.19654,0.032042
6.930393,0.170747,0.025818
6.935393,0.141185,-0.016807
6.940393,0.115199,-0.008313
6.945393,0.117383,-0.006571
6.950393,0.117353,0.000399
6.955393,0.129329,-0.048787
6.960393,0.13823,-0.084457
6.965393,0.167064,-0.104832
6.970393,0.183976,-0.092461
6.975393,0.186241,-0.084637
6.980393,0.177225,-0.114803
6.985393,0.167246,-0.114654
6.990393,0.161419,-0.099165
6.995393,0.130325,-0.092564
7.000393,0.094882,-0.097083
7.005393,0.073775,-0.090778
7.010393,0.06388,-0.078179
7.015393,0.057638,-0.051488
7.020393,0.04285,-0.067717
7.025393,0.021775,-0.192869
7.030393,0.021534,-0.268013
7.035393,0.031847,-0.234719
7.040393,0.076234,-0.225637
7.045393,0.10007,-0.193528
7.050393,0.083114,-0.172999
7.055393,0.053597,-0.180066
7.060393,0.043142,-0.167268
7.065393,0.033255,-0.15348
7.070393,-0.02761,-0.121329
7.075393,-0.073298,-0.140168
7.080393,-0.085385,-0.1166
7.085393,-0.057861,-0.074451
7.090393,-0.052818,-0.036799
7.095393,-0.066325,-0.000372
7.100393,-0.045195,0.026041
7.105393,-0.024978,0.051993
7.110393,-0.028402,0.026752
7.115393,-0.067736,0.064012
7.120393,-0.087541,0.132649
7.125393,-0.081562,0.163853
7.130393,-0.077487,0.11415
7.135393,-0.107031,0.061583
7.140393,-0.137142,0.072738
7.145393,-0.116557,0.093189
7.150393,-0.100532,0.121318
7.155393,-0.10571,0.063996
7.160393,-0.134651,0.007936
7.165393,-0.133664,-0.002795
7.170393,-0.109162,0.022284
7.175393,-0.110347,0.060216
7.180393,-0.123001,0.06107
7.185393,-0.140575,0.060013
7.190393,-0.133277,0.064214
7.195393,-0.140295,0.09393
7.200393,-0.147412,0.094815
7.205393,-0.148123,0.090214
7.210393,-0.153819,0.085262
7.215393,-0.148394,0.070859
7.220393,-0.141836,0.063802
7.225393,-0.131202,0.05832
7.230393,-0.124788,0.059049
7.235393,-0.116256,0.025852
7.240393,-0.10562,0.003683
7.245393,-0.096609,0.02661
7.250393,-0.078637,0.084194
7.255393,-0.060127,0.198725
7.260393,-0.059849,0.305353
7.265393,-0.048309,0.270816
7.270393,-0.065468,0.206848
7.275393,-0.121291,0.179426
7.280393,-0.146101,0.147256
7.285393,-0.128507,0.112853
7.290393,-0.109239,0.075085
7.295393,-0.089617,0.069882
7.300393,-0.020616,0.056832
7.305393,0.044735,0.061562
7.310393,0.082039,0.047587
7.315393,0.076367,0.062547
7.320393,0.069444,0.085886
7.325393,0.087968,0.112837
7.330393,0.075005,0.135781
7.335393,0.037226,0.091048
7.340393,0.000811,0.066745
7.345393,0.032742,0.010731
7.350393,0.0527,-0.00991
7.355393,0.055388,-0.033544
7.360393,0.096213,-0.053502
7.365393,0.147539,-0.046425
7.370393,0.201099,-0.0806
7.375393,0.189381,-0.08457
7.380393,0.191077,-0.153686
7.385393,0.189496,-0.141533
7.390393,0.169678,-0.101173
7.395393,0.148294,-0.095757
7.400393,0.113901,-0.06845
7.405393,0.112327,-0.092634
7.410393,0.112074,-0.086694
7.415393,0.126793,-0.101959
7.420393,0.132496,-0.094956
7.425393,0.152246,-0.070455
7.430393,0.173445,-0.065871
7.435393,0.179976,-0.070857
7.440393,0.184582,-0.083947
7.445393,0.17837,-0.071023
7.450393,0.16909,-0.080185
7.455393,0.141202,-0.104623
7.460393,0.104267,-0.114318
7.465393,0.077925,-0.100414
7.470393,0.062583,-0.0834
7.475393,0.053539,-0.061128
7.480393,0.034236,-0.000372
7.485393,0.022365,-0.051953
7.490393,0.042028,-0.179115
7.497643,0.049462,-0.188982
7.502643,0.076772,-0.202202
7.507643,0.106235,-0.184815
7.512643,0.107103,-0.127797
7.517643,0.084013,-0.081561
7.522643,0.057698,-0.040818
7.527643,0.043668,-0.05456
7.532643,-0.01294,-0.028695
7.537643,-0.055148,-0.001786
7.542643,-0.080102,0.020025
7.547643,-0.072788,-0.024092
7.552643,-0.059045,-0.114352
7.557643,-0.07098,-0.123483
7.562643,-0.057509,-0.050931
7.567643,-0.042722,0.059732
7.572643,-0.026742,0.064432
7.577643,-0.052711,0.009785
7.582643,-0.076937,-0.039963
7.587643,-0.084271,-0.028788
7.592643,-0.092976,-0.001409
7.597643,-0.108086,-0.025528
7.602643,-0.134608,-0.033323
7.607643,-0.124534,-0.026171
7.612643,-0.118463,0.033791
7.617643,-0.114608,0.032297
7.622643,-0.118951,-0.00823
7.627643,-0.11586,-0.005006
7.632643,-0.106396,0.040437
7.637643,-0.124133,0.089871
7.642643,-0.133631,0.074462
7.647643,-0.143057,0.055984
7.652643,-0.144251,0.051311
7.657643,-0.15929,0.079982
7.662643,-0.173475,0.086485
7.667643,-0.163007,0.057509
7.672643,-0.156404,0.039592
7.677643,-0.147529,0.039303
7.682643,-0.144329,0.059613
7.687643,-0.135788,0.06584
7.692643,-0.125164,0.064168
7.697643,-0.115862,0.039227
7.702643,-0.104736,0.031024
7.707643,-0.107786,0.046173
7.712643,-0.095731,0.016776
7.717643,-0.07126,0.051581
7.722643,-0.066662,0.18247
7.727643,-0.049279,0.199719
7.732643,-0.061011,0.18184
7.737643,-0.124414,0.17806
7.742643,-0.149829,0.136556
7.747643,-0.115092,0.12267
7.752643,-0.081959,0.103316
7.757643,-0.070932,0.097785
7.762643,-0.024556,0.059815
7.767643,0.030673,0.019633
7.772643,0.07462,-0.040876
7.777643,0.083172,-0.050209
7.782643,0.071788,0.010563
7.787643,0.088191,0.029702
7.792643,0.074885,0.009595
7.797643,0.050546,-0.022899
7.802643,0.025614,0.023726
7.807643,0.043891,0.07004
7.812643,0.057,0.098468
7.817643,0.060032,0.096253
7.822643,0.104041,0.086809
7.827643,0.156266,0.113704
7.832643,0.199897,0.079122
7.837643,0.186956,0.044046
7.842643,0.197596,-0.044388
7.847643,0.213602,-0.051257
7.852643,0.192363,-0.021126
7.857643,0.160726,-0.042233
7.862643,0.119024,-0.044458
7.867643,0.117673,-0.096806
7.872643,0.123096,-0.081428
7.877643,0.126519,-0.071882
7.882643,0.12183,-0.093693
7.887643,0.137658,-0.133001
7.892643,0.173735,-0.152979
7.897643,0.187183,-0.126339
7.902643,0.188264,-0.121988
7.907643,0.184185,-0.135408
7.912643,0.176808,-0.159331
7.917643,0.145171,-0.155761
7.922643,0.110169,-0.125961
7.927643,0.081942,-0.104166
7.932643,0.062286,-0.091338
7.937643,0.051407,-0.060965
7.942643,0.025107,-0.027241
7.947643,0.009063,-0.11
7.952643,0.03868,-0.271408
7.957643,0.045412,-0.30637
7.962643,0.063724,-0.290945
7.967643,0.105743,-0.254794
7.972643,0.116824,-0.188778
7.977643,0.096182,-0.164232
7.982643,0.066018,-0.135372
7.987643,0.054303,-0.100953
7.992643,0.003088,-0.025542
7.997643,-0.044647,0.041726
8.002643,-0.080962,0.057436
8.007643,-0.077224,0.014005
8.012643,-0.054374,-0.044268
8.017643,-0.061939,-0.091237
8.022643,-0.055372,-0.083758
8.027643,-0.047142,-0.021279
8.032643,-0.028897,-0.049971
8.037643,-0.050241,-0.073531
8.042643,-0.08677,-0.072459
8.047643,-0.106637,-0.0575
8.052643,-0.113881,-0.031264
8.057643,-0.12628,-0.031923
8.062643,-0.149997,-0.009099
8.067643,-0.139281,0.004045
8.072643,-0.130287,0.012065
8.077643,-0.125389,-0.033217
8.082643,-0.123373,-0.070936
8.087643,-0.125228,-0.068797
8.092643,-0.121839,-0.029786
8.097643,-0.134723,0.025775
8.102643,-0.136535,0.030736
8.107643,-0.147148,0.052085
8.112643,-0.147682,0.068239
8.117643,-0.158204,0.089542
8.122643,-0.169735,0.088545
8.127643,-0.161014,0.046457
8.132643,-0.159967,0.038733
8.137643,-0.153193,0.056982
8.142643,-0.15481,0.074729
8.147643,-0.143933,0.083109
8.152643,-0.128417,0.07825
8.157643,-0.117951,0.049877
8.162643,-0.108169,0.040225
8.167643,-0.110178,0.036727
8.172643,-0.089721,0.008463
8.177643,-0.060829,0.046896
8.182643,-0.059314,0.174808
8.187643,-0.046697,0.19138
8.192643,-0.055749,0.159889
8.197643,-0.113843,0.164036
8.202643,-0.140314,0.143605
8.207643,-0.117463,0.120204
8.212643,-0.09469,0.095437
8.217643,-0.091063,0.093822
8.222643,-0.051833,0.055985
8.227643,0.008329,0.039924
8.232643,0.071669,0.010352
8.237643,0.086824,-0.014644
8.242643,0.067126,-0.027299
8.247643,0.083203,-0.069718
8.252643,0.079922,-0.05735
8.257643,0.063135,-0.039971
8.262643,0.019854,0.016173
8.267643,0.021046,0.027723
8.272643,0.041,0.022499
8.277643,0.046418,0.022916
8.282643,0.092885,-0.005984
8.287643,0.141287,0.01537
8.292643,0.18317,-0.001942
8.297643,0.187753,0.012326
8.302643,0.200237,0.001739
8.307643,0.206405,0.048958
8.312643,0.177966,0.082558
8.317643,0.157117,0.014507
8.322643,0.129049,-0.029097
8.327643,0.127935,-0.07667
8.332643,0.124006,-0.055955
8.337643,0.123335,-0.063553
8.342643,0.121996,-0.104978
8.347643,0.144193,-0.128081
8.352643,0.187772,-0.129033
8.357643,0.199354,-0.119004
8.362643,0.18969,-0.135434
8.367643,0.177423,-0.142483
8.372643,0.167339,-0.136568
8.377643,0.139538,-0.119969
8.382643,0.105179,-0.115761
8.387643,0.07417,-0.115743
8.392643,0.06162,-0.083155
8.397643,0.055709,-0.036652
8.402643,0.033841,-0.06456
8.407643,0.023177,-0.162357
8.412643,0.046445,-0.295485
8.417643,0.047128,-0.329198
8.422643,0.070367,-0.294836
8.427643,0.115548,-0.252342
8.432643,0.121179,-0.189311
8.437643,0.09288,-0.166904
8.442643,0.062869,-0.131501
8.447643,0.055655,-0.122242
8.452643,0.003156,-0.088821
8.457643,-0.049124,-0.068133
8.462643,-0.070175,-0.045316
8.467643,-0.055496,-0.036924
8.472643,-0.031907,-0.049417
8.477643,-0.046523,-0.02965
8.482643,-0.044862,0.004099
8.487643,-0.038058,0.070158
8.492643,-0.017995,0.054044
8.497643,-0.039404,-0.001616
8.502643,-0.080658,-0.056373
8.507643,-0.103869,-0.073775
8.512643,-0.118435,-0.003016
8.517643,-0.133621,0.045984
8.522643,-0.161166,0.042289
8.527643,-0.149021,-0.007314
8.532643,-0.13629,0.004292
8.537643,-0.128696,0.040625
8.542643,-0.128074,0.052464
8.547643,-0.128288,0.039045
8.552643,-0.119738,-0.002644
8.557643,-0.123095,-0.018031
8.562643,-0.120802,-0.025093
8.567643,-0.136397,-0.005244
8.572643,-0.143295,0.009124
8.577643,-0.155913,0.027301
8.582643,-0.17421,0.03607
8.587643,-0.163377,0.0338
8.592643,-0.156542,0.048
8.597643,-0.146685,0.06496
8.602643,-0.141815,0.082114
8.607643,-0.133049,0.083934
8.612643,-0.12474,0.078786
8.617643,-0.121442,0.067395
8.622643,-0.110832,0.055249
8.627643,-0.109759,0.054979
8.632643,-0.089674,0.058591
8.637643,-0.069083,0.094568
8.642643,-0.068943,0.188635
8.647643,-0.04752,0.159651
8.652643,-0.041733,0.087021
8.657643,-0.098397,0.089684
8.662643,-0.136786,0.092256
8.667643,-0.113676,0.100136
8.672643,-0.089798,0.081809
8.677643,-0.08827,0.08582
8.682643,-0.041339,0.095391
8.687643,0.025877,0.135115
8.692643,0.082493,0.117294
8.697643,0.091252,0.052766
8.702643,0.072017,0.009893
8.707643,0.089914,-0.030601
8.712643,0.085336,-0.022912
8.717643,0.050547,-0.058182
8.722643,-0.004148,-0.073725
8.727643,0.010572,-0.040877
8.732643,0.046976,0.002453
8.737643,0.050619,0.015782
8.742643,0.090057,-0.019584
8.747643,0.13769,-0.016976
8.752643,0.191219,-0.032784
8.757643,0.193708,0.023467
8.762643,0.188139,0.022246
8.767643,0.19492,-0.003991
8.772643,0.172561,0.009361
8.777643,0.15569,-0.005464
8.782643,0.127269,0.030323
8.787643,0.122219,0.005054
8.792643,0.115107,0.00216
8.797643,0.114247,-0.01488
8.802643,0.113238,-0.032277
8.807643,0.130482,-0.029471
8.812643,0.173293,-0.056267
8.817643,0.18546,-0.065245
8.822643,0.188155,-0.087653
8.827643,0.187906,-0.099525
8.832643,0.184592,-0.100204
8.837643,0.159659,-0.10033
8.842643,0.118388,-0.100336
8.847643,0.086257,-0.091126
8.852643,0.073727,-0.057025
8.857643,0.064565,-0.018851
8.862643,0.035438,-0.063035
8.867643,0.015025,-0.149207
8.872643,0.033138,-0.252965
8.877643,0.036832,-0.255152
8.882643,0.054881,-0.200068
8.887643,0.102341,-0.207535
8.892643,0.117994,-0.190937
8.897643,0.101815,-0.192365
8.902643,0.070901,-0.163135
8.907643,0.056549,-0.134825
8.912643,-0.001897,-0.131371
8.917643,-0.045772,-0.134931
8.922643,-0.058259,-0.100442
8.927643,-0.053514,-0.059686
8.932643,-0.041696,-0.060985
8.937643,-0.060144,-0.059226
8.942643,-0.049519,-0.036208
8.947643,-0.037875,0.041272
8.952643,-0.018672,0.061526
8.957643,-0.03554,0.01822
8.962643,-0.065813,-0.027301
8.967643,-0.07813,-0.019884
8.972643,-0.102041,0.054417
8.977643,-0.129818,0.09286
8.982643,-0.158941,0.078776
8.987643,-0.146992,0.001086
8.992643,-0.136209,0.011278
8.997643,-0.139623,0.084569
9.002643,-0.135023,0.11528
9.007643,-0.125362,0.093878
9.012643,-0.104557,0.050037
9.017643,-0.105575,0.060028
9.022643,-0.112876,0.064182
9.027643,-0.129776,0.054666
9.032643,-0.130415,0.013864
9.037643,-0.133917,-0.007472
9.042643,-0.161153,0.01579
9.047643,-0.163782,0.042744
9.052643,-0.157987,0.071058
9.057643,-0.143226,0.088134
9.062643,-0.13963,0.102876
9.067643,-0.134271,0.104442
9.072643,-0.125332,0.098878
9.077643,-0.119805,0.089643
9.082643,-0.1046,0.06734
9.087643,-0.102519,0.058134
9.092643,-0.086444,0.052789
9.097643,-0.06595,0.043435
9.102643,-0.058524,0.096294
9.107643,-0.035727,0.070959
9.112643,-0.028877,-0.000634
9.117643,-0.088845,0.009618
9.122643,-0.138638,0.028616
9.127643,-0.116161,0.016933
9.132643,-0.091823,-0.028247
9.137643,-0.088861,-0.01637
9.142643,-0.045342,0.010201
9.147643,0.006337,0.039432
9.152643,0.047788,0.056319
9.157643,0.067243,0.057366
9.162643,0.068172,0.089812
9.167643,0.08991,0.107443
9.172643,0.076068,0.108811
9.177643,0.04352,0.068078
9.182643,0.00918,0.05414
9.187643,0.028041,0.080795
9.192643,0.052414,0.091241
9.197643,0.05075,0.076278
9.202643,0.091272,-0.000247
9.207643,0.142877,-0.043081
9.212643,0.197989,-0.059446
9.217643,0.197628,-0.031419
9.222643,0.173493,-0.059074
9.227643,0.188544,-0.115442
9.232643,0.182231,-0.101634
9.237643,0.170858,-0.087237
9.242643,0.135322,-0.054734
9.247643,0.114644,-0.065132
9.252643,0.122679,-0.06841
9.257643,0.128926,-0.072722
9.262643,0.119005,-0.075095
9.267643,0.12416,-0.077397
9.272643,0.169412,-0.104727
9.277643,0.189659,-0.086105
9.282643,0.197923,-0.067504
9.287643,0.186477,-0.066729
9.292643,0.167963,-0.070422
9.297643,0.145548,-0.080977
9.302643,0.108956,-0.076327
9.307643,0.081056,-0.05391
9.312643,0.069563,-0.011875
9.317643,0.059676,0.009402
9.322643,0.038125,-0.006723
9.327643,0.024682,-0.042208
9.332643,0.039979,-0.116186
9.337643,0.033124,-0.117301
9.342643,0.034219,-0.069866
9.347643,0.087733,-0.081572
9.352643,0.114462,-0.079244
9.357643,0.09886,-0.056855
9.362643,0.056661,-0.0107
9.367643,0.042902,0.011245
9.372643,0.007578,-0.001104
9.377643,-0.038909,-0.049337
9.382643,-0.058328,-0.075893
9.387643,-0.070028,-0.038407
9.392643,-0.06095,0.012335
9.397643,-0.066591,0.032296
9.402643,-0.050269,-0.008084
9.407643,-0.035533,-0.036486
9.412643,-0.026424,-0.037843
9.417643,-0.042331,-0.010287
9.422643,-0.064219,0.001496
9.427643,-0.06933,-0.040363
9.432643,-0.084953,-0.088423
9.437643,-0.114168,-0.100067
9.442643,-0.143927,-0.048365
9.447643,-0.136347,-0.030764
9.452643,-0.123275,-0.024594
9.457643,-0.127153,-0.015264
9.462643,-0.13309,0.004887
9.467643,-0.130972,0.048792
9.472643,-0.110636,0.077748
9.477643,-0.104879,0.084709
9.482643,-0.119059,0.065371
9.487643,-0.134246,0.068234
9.492643,-0.128044,0.051054
9.497643,-0.120617,0.038734
9.502643,-0.140889,0.049849
9.507643,-0.155581,0.059217
9.512643,-0.155367,0.079757
9.517643,-0.14128,0.098375
9.522643,-0.13273,0.099728
9.527643,-0.132503,0.090334
9.532643,-0.125007,0.076616
9.537643,-0.119754,0.067258
9.542643,-0.113027,0.037703
9.547643,-0.114535,0.010926
9.552643,-0.099617,0.013543
9.557643,-0.072738,0.022302
9.562643,-0.059626,0.081909
9.567643,-0.04234,0.118355
9.572643,-0.030305,0.084044
9.577643,-0.083626,0.060482
9.582643,-0.135441,0.048774
9.587643,-0.127106,0.048935
9.592643,-0.095096,0.075613
9.597643,-0.087388,0.110065
9.602643,-0.067225,0.10275
9.607643,-0.013804,0.094995
9.612643,0.046021,0.080274
9.617643,0.086018,0.051469
9.622643,0.09069,0.067465
9.627643,0.101199,0.050555
9.632643,0.087935,0.055979
9.637643,0.064714,0.040286
9.642643,0.032554,-0.004654
9.647643,0.02196,-0.037833
9.652643,0.048817,-0.110628
9.657643,0.053565,-0.118916
9.662643,0.081672,-0.097475
9.667643,0.1265,-0.050136
9.672643,0.182664,-0.026622
9.677643,0.212799,0.008548
9.682643,0.200729,0.043375
9.687643,0.217864,0.053018
9.692643,0.198966,0.087842
9.697643,0.175433,0.042718
9.702643,0.137255,-0.005247
9.707643,0.110582,-0.008756
9.712643,0.106891,0.007902
9.717643,0.103331,0.021099
9.722643,0.106484,0.002507
9.727643,0.120294,-0.012074
9.732643,0.163794,-0.02906
9.737643,0.191577,-0.039507
9.742643,0.200839,-0.065837
9.747643,0.195355,-0.096896
9.752643,0.186555,-0.091328
9.757643,0.170888,-0.078843
9.762643,0.132859,-0.065782
9.767643,0.094801,-0.057125
9.772643,0.072708,-0.035129
9.777643,0.053887,-0.014997
9.782643,0.036725,-0.01545
9.787643,0.029809,0.044974
9.792643,0.031215,0.072744
9.797643,0.011306,0.04559
9.802643,0.015852,0.076416
9.807643,0.080989,0.093267
9.812643,0.102576,0.082476
9.817643,0.081751,0.037747
9.822643,0.04722,-0.011941
9.827643,0.037857,-0.042066
9.832643,0.010977,-0.05228
9.837643,-0.047081,-0.061166
9.842643,-0.063537,-0.105549
9.847643,-0.064122,-0.072224
9.852643,-0.053102,-0.025937
9.857643,-0.064728,-0.018989
9.862643,-0.056945,-0.09124
9.867643,-0.025858,-0.150019
9.872643,-0.012549,-0.140522
9.877643,-0.035843,-0.066051
9.882643,-0.073664,0.07383
9.887643,-0.079025,0.106925
9.892643,-0.072146,0.080406
9.897643,-0.086844,0.071512
9.902643,-0.132719,0.119199
9.907643,-0.144217,0.123647
9.912643,-0.126651,0.076548
9.917643,-0.122404,0.050429
9.922643,-0.126561,0.064386
9.927643,-0.13539,0.121909
9.932643,-0.118715,0.132003
9.937643,-0.105114,0.09899
9.942643,-0.110922,0.059628
9.947643,-0.129388,0.064067
9.952643,-0.139659,0.113165
9.957643,-0.131602,0.129331
9.962643,-0.139271,0.116912
9.967643,-0.148562,0.100153
9.972643,-0.157719,0.113074
9.977643,-0.152867,0.113056
9.982643,-0.136534,0.090022
9.987643,-0.125678,0.081148
9.992643,-0.114685,0.07408
9.993839,-0.111314,0.080609
9.998839,-0.10593,0.042918
10.003839,-0.103365,0.009746
10.008839,-0.091324,0.034872
10.013839,-0.077552,-0.021026
10.018839,-0.066773,-0.036426
10.023839,-0.057514,0.07089
10.028839,-0.045728,0.085344
10.033839,-0.082909,0.053143
10.038839,-0.139302,0.019295
10.043839,-0.144879,0.008012
10.048839,-0.117971,0.019309
10.053839,-0.104836,0.020416
10.058839,-0.078473,0.007409
10.063839,-0.009308,0.010303
10.068839,0.056364,0.054961
10.073839,0.088551,0.031325
10.078839,0.080735,0.04474
10.083839,0.091985,0.071142
10.088839,0.096179,0.097614
10.093839,0.065936,0.118312
10.098839,0.01854,0.102522
10.103839,0.006827,0.073164
10.108839,0.053683,0.011762
10.113839,0.065363,0.028158
10.118839,0.074918,0.01886
10.123839,0.114576,0.003292
10.128839,0.166912,-0.02426
10.133839,0.20322,-0.050267
10.138839,0.181082,-0.043039
10.143839,0.18559,-0.087825
10.148839,0.174602,-0.104052
10.153839,0.160994,-0.138609
10.158839,0.136431,-0.144046
10.163839,0.105143,-0.103418
10.168839,0.107186,-0.075836
10.173839,0.112191,-0.079367
10.178839,0.129363,-0.110209
10.183839,0.141026,-0.090498
10.188839,0.168156,-0.079307
10.193839,0.184639,-0.089265
10.198839,0.188111,-0.103769
10.203839,0.181848,-0.117472
10.208839,0.169238,-0.095203
10.213839,0.151021,-0.08614
10.218839,0.116316,-0.094
10.223839,0.087839,-0.088469
10.228839,0.076062,-0.061756
10.233839,0.065113,-0.05111
10.238839,0.053361,-0.050841
10.243839,0.032367,-0.027288
10.248839,0.017531,-0.043455
10.253839,0.011653,-0.071618
10.258839,0.017724,-0.017689
10.263839,0.075128,0.004798
10.268839,0.096212,0.00325
10.273839,0.079413,-0.002798
10.278839,0.049411,0.011014
10.283839,0.035564,0.001546
10.288839,0.016171,-0.012221
10.293839,-0.037812,0.036479
10.298839,-0.062485,0.013647
10.303839,-0.073624,0.02356
10.308839,-0.065903,0.030235
10.313839,-0.073555,0.04827
10.318839,-0.077088,0.061233
10.323839,-0.043938,0.034087
10.328839,-0.023415,-0.0181
10.333839,-0.039106,-0.080606
10.338839,-0.067208,-0.029877
10.343839,-0.076491,0.055592
10.348839,-0.067379,0.100866
10.353839,-0.070973,0.044988
10.358839,-0.108307,-0.026878
10.363839,-0.132315,-0.023914
10.368839,-0.11659,0.041273
10.373839,-0.110121,0.105876
10.378839,-0.120628,0.064013
10.383839,-0.139257,0.01303
10.388839,-0.131101,0.00122
10.393839,-0.110044,0.009555
10.398839,-0.112217,0.022662
10.403839,-0.127183,0.03906
10.408839,-0.141521,0.065979
10.413839,-0.13296,0.090356
10.418839,-0.139729,0.119368
10.423839,-0.149673,0.108399
10.428839,-0.152052,0.073529
10.433839,-0.152347,0.05622
10.438839,-0.140863,0.059721
10.443839,-0.139941,0.078566
10.448839,-0.135151,0.094923
10.453839,-0.1256,0.088405
10.458839,-0.111738,0.032141
10.463839,-0.100476,0.01229
10.468839,-0.098724,0.030497
10.473839,-0.086396,0.047386
10.478839,-0.059435,0.141234
10.483839,-0.051723,0.262551
10.488839,-0.041246,0.268226
10.493839,-0.073831,0.236014
10.498839,-0.133462,0.213249
10.503839,-0.154175,0.187699
10.508839,-0.127786,0.187874
10.513839,-0.106035,0.184125
10.518839,-0.094616,0.186788
10.523839,-0.033819,0.151955
10.528839,0.028605,0.11773
10.533839,0.079603,0.105062
10.538839,0.083278,0.137517
10.543839,0.082631,0.10357
10.548839,0.089129,-0.000082
10.553839,0.069272,-0.059471
10.558839,0.037228,-0.053363
10.563839,0.009379,0.022171
10.568839,0.035308,0.027226
10.573839,0.045829,-0.014713
10.578839,0.05353,-0.047323
10.583839,0.093978,-0.037481
10.588839,0.140646,0.006658
10.593839,0.184483,0.00805
10.598839,0.176835,-0.011178
10.603839,0.195129,-0.059888
10.608839,0.201185,-0.016313
10.613839,0.185086,0.030181
10.618839,0.158899,0.00083
10.623839,0.118731,-0.032382
10.628839,0.11489,-0.05858
10.633839,0.120447,-0.023749
10.638839,0.126551,-0.013763
10.643839,0.129477,-0.004738
10.648839,0.155484,-0.004983
10.653839,0.189236,0.000574
10.658839,0.208583,0.012972
10.663839,0.212495,-0.032444
10.668839,0.197086,-0.092833
10.673839,0.179812,-0.135748
10.678839,0.151324,-0.13985
10.683839,0.114295,-0.108937
10.688839,0.085118,-0.074104
10.693839,0.059036,-0.051408
10.698839,0.044997,-0.028665
10.703839,0.024606,-0.040079
10.708839,0.005122,-0.16684
10.713839,0.017766,-0.297586
10.718839,0.034891,-0.289941
10.723839,0.082119,-0.248637
10.728839,0.119235,-0.183504
10.733839,0.115198,-0.125079
10.738839,0.084209,-0.116838
10.743839,0.059425,-0.141013
10.748839,0.046826,-0.124588
10.753839,-0.016629,-0.032098
10.758839,-0.067469,-0.000947
10.763839,-0.099483,-0.003673
10.768839,-0.087464,-0.034171
10.773839,-0.059135,-0.058035
10.778839,-0.05407,-0.056136
10.783839,-0.035368,-0.058595
10.788839,-0.0199,-0.071445
10.793839,-0.01073,-0.090939
10.798839,-0.046453,-0.032656
10.803839,-0.079634,0.046895
10.808839,-0.088258,0.091047
10.813839,-0.097015,0.076457
10.818839,-0.117466,0.042549
10.823839,-0.138534,0.041993
10.828839,-0.123278,0.086125
10.833839,-0.111733,0.128267
10.838839,-0.105202,0.057737
10.843839,-0.110257,0.002524
10.848839,-0.109778,0.004762
10.853839,-0.101622,0.02719
10.858839,-0.108042,0.0473
10.863839,-0.124445,0.021626
10.868839,-0.144537,0.026558
10.873839,-0.150745,0.057477
10.878839,-0.160695,0.083185
10.883839,-0.166431,0.063505
10.888839,-0.162544,0.027986
10.893839,-0.16233,0.02142
10.898839,-0.152837,0.032182
10.903839,-0.143026,0.047746
10.908839,-0.131719,0.041681
10.913839,-0.11742,0.045431
10.918839,-0.105976,0.040696
10.923839,-0.096375,0.042517
10.928839,-0.096051,0.039173
10.933839,-0.079459,0.022834
10.938839,-0.053075,0.116643
10.943839,-0.059267,0.268943
10.948839,-0.05524,0.270736
10.953839,-0.072916,0.213511
10.958839,-0.123237,0.1633
10.963839,-0.140391,0.100557
10.968839,-0.09589,0.079037
10.973839,-0.059831,0.076584
10.978839,-0.059885,0.061959
10.983839,-0.014344,0.025633
10.988839,0.048581,0.043139
10.993839,0.098618,0.086145
10.998839,0.086684,0.112962
11.003839,0.068818,0.098594
11.008839,0.093553,0.05418
11.013839,0.093142,0.067783
11.018839,0.0553,0.098689
11.023839,0.00821,0.103693
11.028839,0.027331,0.049376
11.033839,0.050691,0.004503
11.038839,0.059255,-0.005958
11.043839,0.093536,0.000005
11.048839,0.133055,0.015071
11.053839,0.178905,-0.031976
11.058839,0.180724,-0.064652
11.063839,0.189217,-0.096551
11.068839,0.188772,-0.07444
11.073839,0.159772,-0.073753
11.078839,0.137681,-0.129684
11.083839,0.108583,-0.136665
11.088839,0.106842,-0.129573
11.093839,0.10824,-0.096911
11.098839,0.109697,-0.105282
11.103839,0.122126,-0.114725
11.108839,0.156269,-0.094482
11.113839,0.193192,-0.075789
11.118839,0.193657,-0.06192
11.123839,0.182968,-0.079776
11.128839,0.175444,-0.093041
11.133839,0.167368,-0.091841
11.138839,0.134309,-0.083565
11.143839,0.094813,-0.076186
11.148839,0.074962,-0.081178
11.153839,0.061984,-0.070136
11.158839,0.055937,-0.036309
11.163839,0.036057,0.013285
11.168839,0.027337,-0.054793
11.173839,0.054387,-0.237208
11.178839,0.058386,-0.287866
11.183839,0.084317,-0.273357
11.188839,0.121506,-0.23573
11.193839,0.123394,-0.17145
11.198839,0.094806,-0.128939
11.203839,0.064653,-0.092922
11.208839,0.050223,-0.098993
11.213839,-0.007778,-0.07489
11.218839,-0.056914,-0.04491
11.223839,-0.074641,0.004682
11.228839,-0.060506,0.023847
11.233839,-0.036496,-0.022838
11.238839,-0.052074,-0.067426
11.243839,-0.051393,-0.058764
11.248839,-0.041017,0.026844
11.253839,-0.030695,0.026007
11.258839,-0.050171,-0.065613
11.263839,-0.088629,-0.147412
11.268839,-0.099499,-0.141361
11.273839,-0.105074,-0.04853
11.278839,-0.128185,0.019888
11.283839,-0.157303,0.028107
11.288839,-0.141992,-0.011385
11.293839,-0.125402,-0.001673
11.298839,-0.127741,0.010961
11.303839,-0.141434,0.005587
11.308839,-0.140823,-0.012946
11.313839,-0.131023,-0.035606
11.318839,-0.131797,-0.003063
11.323839,-0.135078,0.020273
11.328839,-0.146163,0.033623
11.333839,-0.138693,0.031509
11.338839,-0.14314,0.044587
11.343839,-0.160019,0.071168
11.348839,-0.163873,0.067348
11.353839,-0.164984,0.049293
11.358839,-0.160665,0.042599
11.363839,-0.157767,0.047411
11.368839,-0.151733,0.050807
11.373839,-0.143384,0.05476
11.378839,-0.128331,0.04302
11.383839,-0.107307,0.037043
11.388839,-0.097585,0.042524
11.393839,-0.078315,0.028511
11.398839,-0.053836,0.04997
11.403839,-0.047903,0.157369
11.408839,-0.028962,0.159994
11.413839,-0.030696,0.093636
11.418839,-0.090764,0.095206
11.423839,-0.135144,0.0997
11.428839,-0.124007,0.102996
11.433839,-0.094203,0.100499
11.438839,-0.090615,0.143166
11.443839,-0.051909,0.183343
11.448839,0.008684,0.202743
11.453839,0.065545,0.158906
11.458839,0.089143,0.080402
11.463839,0.08713,0.052717
11.468839,0.103948,0.02683
11.473839,0.086437,0.003622
11.478839,0.042538,-0.073722
11.483839,0.00233,-0.116948
11.488839,0.019007,-0.079374
11.493839,0.039921,-0.009005
11.498839,0.039708,0.013112
11.503839,0.078785,-0.035231
11.508839,0.130162,-0.028238
11.513839,0.191415,-0.017384
11.518839,0.194228,0.033418
11.523839,0.188505,0.027687
11.528839,0.200091,0.014429
11.533839,0.182752,0.03836
11.538839,0.168222,0.018273
11.543839,0.136048,0.014015
11.548839,0.123975,-0.020586
11.553839,0.124159,-0.019753
11.558839,0.126416,-0.02585
11.563839,0.127846,-0.030238
11.568839,0.13978,-0.042501
11.573839,0.173512,-0.08908
11.578839,0.185923,-0.103216
11.583839,0.187594,-0.114458
11.588839,0.185254,-0.102107
11.593839,0.178366,-0.094396
11.598839,0.152992,-0.105745
11.603839,0.11236,-0.10158
11.608839,0.091064,-0.080946
11.613839,0.076878,-0.037358
11.618839,0.062048,-0.004986
11.623839,0.032188,-0.056452
11.628839,0.015276,-0.13011
11.633839,0.042237,-0.222179
11.638839,0.04682,-0.221675
11.643839,0.060096,-0.187297
11.648839,0.103577,-0.203926
11.653839,0.120926,-0.174341
11.658839,0.103859,-0.160302
11.663839,0.064797,-0.135851
11.668839,0.046561,-0.136695
11.673839,-0.003845,-0.153713
11.678839,-0.047838,-0.161423
11.683839,-0.069783,-0.130431
11.688839,-0.072453,-0.094214
11.693839,-0.053855,-0.092956
11.698839,-0.05893,-0.079648
11.703839,-0.039797,-0.037864
11.708839,-0.032218,0.046717
11.713839,-0.018742,0.072708
11.718839,-0.033525,0.034318
11.723839,-0.0592,-0.001867
11.728839,-0.072877,0.011201
11.733839,-0.108431,0.057756
11.738839,-0.134326,0.068755
11.743839,-0.156978,0.052975
11.748839,-0.14562,0.000002
11.753839,-0.141638,0.013107
11.758839,-0.144379,0.069133
11.763839,-0.138506,0.0941
11.768839,-0.124342,0.069626
11.773839,-0.102448,0.038602
11.778839,-0.098146,0.064419
11.783839,-0.108792,0.080741
11.788839,-0.124773,0.084221
11.793839,-0.127117,0.04427
11.798839,-0.140355,0.017267
11.803839,-0.171145,0.029867
11.808839,-0.176815,0.0351
11.813839,-0.161764,0.056112
11.818839,-0.146585,0.094127
11.823839,-0.139145,0.119705
11.828839,-0.128012,0.112635
11.833839,-0.112853,0.093906
11.838839,-0.103969,0.07377
11.843839,-0.096414,0.060726
11.848839,-0.101614,0.044056
11.853839,-0.093288,0.023871
11.858839,-0.06977,0.017697
11.863839,-0.063144,0.08213
11.868839,-0.043401,0.077484
11.873839,-0.036897,0.036851
11.878839,-0.098773,0.057222
11.883839,-0.145631,0.056598
11.888839,-0.110149,0.06278
11.893839,-0.08182,0.050394
11.898839,-0.083138,0.045142
11.903839,-0.041753,0.027585
11.908839,0.012258,0.03475
11.913839,0.062939,0.051405
11.918839,0.083202,0.036049
11.923839,0.075331,0.066144
11.928839,0.084882,0.054206
11.933839,0.0715,0.04397
11.938839,0.044209,0.040328
11.943839,0.021199,0.069971
11.948839,0.040244,0.103724
11.953839,0.065165,0.060813
11.958839,0.068806,0.02382
11.963839,0.10851,-0.038896
11.968839,0.159186,-0.053024
11.973839,0.206142,-0.054114
11.978839,0.197812,-0.040358
11.983839,0.184425,-0.06974
11.988839,0.207725,-0.093893
11.993839,0.189438,-0.057151
11.998839,0.169931,-0.089963
12.003839,0.131333,-0.124771
12.008839,0.115253,-0.154211
12.013839,0.123562,-0.153251
12.018839,0.120916,-0.133954
12.023839,0.118848,-0.121187
12.028839,0.127639,-0.114111
12.033839,0.171824,-0.10882
12.038839,0.198226,-0.069599
12.043839,0.202124,-0.05372
12.048839,0.184981,-0.064068
12.053839,0.170097,-0.073466
12.058839,0.14962,-0.078696
12.063839,0.115781,-0.06065
12.068839,0.087901,-0.047868
12.073839,0.067184,-0.01976
12.078839,0.053015,0.008423
12.083839,0.034328,0.000659
12.088839,0.021773,-0.021133
12.093839,0.033722,-0.095688
12.098839,0.021743,-0.115108
12.103839,0.027037,-0.075074
12.108839,0.084892,-0.074412
12.113839,0.112736,-0.078782
12.118839,0.099151,-0.075603
12.123839,0.063374,-0.038056
12.128839,0.054433,0.007741
12.133839,0.0184,0.020989
12.138839,-0.033989,-0.037364
12.143839,-0.058705,-0.073112
12.148839,-0.068217,-0.015195
12.153839,-0.057156,0.067966
12.158839,-0.066874,0.097644
12.163839,-0.054302,0.023997
12.168839,-0.043074,-0.053304
12.173839,-0.033155,-0.079183
12.178839,-0.045494,-0.056872
12.183839,-0.072739,-0.034475
12.188839,-0.075874,-0.084202
12.193839,-0.091467,-0.139445
12.198839,-0.119947,-0.148181
12.203839,-0.151995,-0.097006
12.208839,-0.142291,-0.066517
12.213839,-0.125578,-0.05644
12.218839,-0.127792,-0.028704
12.223839,-0.13255,0.022563
12.228839,-0.131518,0.070386
12.233839,-0.112611,0.063689
12.238839,-0.112316,0.063635
12.243839,-0.131744,0.060286
12.248839,-0.147951,0.076649
12.253839,-0.146372,0.085043
12.258839,-0.13664,0.06905
12.263839,-0.148567,0.066637
12.268839,-0.156602,0.080067
12.273839,-0.152738,0.105283
12.278839,-0.140451,0.111015
12.283839,-0.131585,0.088353
12.288839,-0.129927,0.061464
12.293839,-0.121531,0.051008
12.298839,-0.115378,0.051549
12.303839,-0.109802,0.034176
12.308839,-0.107624,0.000434
12.313839,-0.08525,0.011037
12.318839,-0.058076,0.017305
12.323839,-0.051697,0.061658
12.328839,-0.037451,0.094396
12.333839,-0.026397,0.050363
12.338839,-0.08026,0.054801
12.343839,-0.137355,0.080487
12.348839,-0.136758,0.094508
12.353839,-0.107834,0.090603
12.358839,-0.105866,0.062703
12.363839,-0.078728,0.027701
12.368839,-0.011864,0.026148
12.373839,0.052558,0.023366
12.378839,0.087339,-0.0142
12.383839,0.083715,-0.026005
12.388839,0.103006,-0.052064
12.393839,0.102545,-0.028953
12.398839,0.073255,-0.007659
12.403839,0.028669,-0.010031
12.408839,0.015919,-0.011963
12.413839,0.051893,-0.027158
12.418839,0.053909,0.01977
12.423839,0.068174,0.047664
12.428839,0.108406,0.055009
12.433839,0.172875,0.033819
12.438839,0.205782,0.046786
12.443839,0.197613,0.066669
12.448839,0.209105,0.068087
12.453839,0.186702,0.085618
12.458839,0.177676,0.051097
12.463839,0.148691,0.030028
12.468839,0.123473,0.018393
12.473839,0.115597,0.004944
12.478839,0.104663,-0.018519
12.483839,0.110363,-0.056089
12.488839,0.125249,-0.064713